"";"motif";"motif.i";"sequence";"sequence.i";"start";"stop";"score";"match";"thresh.score";"min.score";"max.score";"score.pct";"strand";"pvalue";"qvalue"
"1";"Motif4_raw";1;"195";195;42;31;22,826;"GAATGGAATGGA";18,2608;-50,028;22,826;100;"-";5,96046447753906e-08;0,000102364053629866
"2";"Motif4_raw";1;"195";195;47;36;19,127;"GAACGGAATGGA";18,2608;-50,028;22,826;83,7947954087444;"-";3,57627868652344e-07;0,000422251721223195
"3";"Motif4_raw";1;"195";195;92;81;19,127;"GAGTGGAATGGA";18,2608;-50,028;22,826;83,7947954087444;"-";3,57627868652344e-07;0,000422251721223195
"4";"Motif4_raw";1;"195";195;142;131;19,127;"GAATGCAATGGA";18,2608;-50,028;22,826;83,7947954087444;"-";3,57627868652344e-07;0,000422251721223195
"5";"Motif4_raw";1;"195";195;147;136;19,127;"GAATGGAATGCA";18,2608;-50,028;22,826;83,7947954087444;"-";3,57627868652344e-07;0,000422251721223195
"6";"Motif4_raw";1;"195";195;152;141;22,826;"GAATGGAATGGA";18,2608;-50,028;22,826;100;"-";5,96046447753906e-08;0,000102364053629866
"7";"Motif4_raw";1;"195";195;157;146;22,826;"GAATGGAATGGA";18,2608;-50,028;22,826;100;"-";5,96046447753906e-08;0,000102364053629866
"8";"Motif4_raw";1;"195";195;162;151;19,127;"GAGTGGAATGGA";18,2608;-50,028;22,826;83,7947954087444;"-";3,57627868652344e-07;0,000422251721223195
"9";"Motif4_raw";1;"196";196;16;5;19,127;"GAATGCAATGGA";18,2608;-50,028;22,826;83,7947954087444;"-";3,57627868652344e-07;0,000422251721223195
"10";"Motif4_raw";1;"196";196;21;10;19,127;"GAATGGAATGCA";18,2608;-50,028;22,826;83,7947954087444;"-";3,57627868652344e-07;0,000422251721223195
"11";"Motif4_raw";1;"196";196;26;15;22,826;"GAATGGAATGGA";18,2608;-50,028;22,826;100;"-";5,96046447753906e-08;0,000102364053629866
"12";"Motif4_raw";1;"196";196;31;20;22,826;"GAATGGAATGGA";18,2608;-50,028;22,826;100;"-";5,96046447753906e-08;0,000102364053629866
"13";"Motif4_raw";1;"196";196;36;25;19,127;"GAGTGGAATGGA";18,2608;-50,028;22,826;83,7947954087444;"-";3,57627868652344e-07;0,000422251721223195
"14";"Motif4_raw";1;"196";196;56;45;19,127;"GAACGGAATGGA";18,2608;-50,028;22,826;83,7947954087444;"-";3,57627868652344e-07;0,000422251721223195
"15";"Motif4_raw";1;"196";196;81;70;22,826;"GAATGGAATGGA";18,2608;-50,028;22,826;100;"-";5,96046447753906e-08;0,000102364053629866
"16";"Motif4_raw";1;"196";196;86;75;22,826;"GAATGGAATGGA";18,2608;-50,028;22,826;100;"-";5,96046447753906e-08;0,000102364053629866
"17";"Motif4_raw";1;"196";196;91;80;22,826;"GAATGGAATGGA";18,2608;-50,028;22,826;100;"-";5,96046447753906e-08;0,000102364053629866
"18";"Motif4_raw";1;"196";196;96;85;22,826;"GAATGGAATGGA";18,2608;-50,028;22,826;100;"-";5,96046447753906e-08;0,000102364053629866
"19";"Motif4_raw";1;"196";196;101;90;22,826;"GAATGGAATGGA";18,2608;-50,028;22,826;100;"-";5,96046447753906e-08;0,000102364053629866
"20";"Motif4_raw";1;"196";196;106;95;22,826;"GAATGGAATGGA";18,2608;-50,028;22,826;100;"-";5,96046447753906e-08;0,000102364053629866
"21";"Motif4_raw";1;"196";196;111;100;22,826;"GAATGGAATGGA";18,2608;-50,028;22,826;100;"-";5,96046447753906e-08;0,000102364053629866
"22";"Motif4_raw";1;"196";196;126;115;22,826;"GAATGGAATGGA";18,2608;-50,028;22,826;100;"-";5,96046447753906e-08;0,000102364053629866
"23";"Motif4_raw";1;"196";196;131;120;19,127;"GAACGGAATGGA";18,2608;-50,028;22,826;83,7947954087444;"-";3,57627868652344e-07;0,000422251721223195
"24";"Motif4_raw";1;"197";197;19;8;19,127;"GAATGCAATGGA";18,2608;-50,028;22,826;83,7947954087444;"-";3,57627868652344e-07;0,000422251721223195
"25";"Motif4_raw";1;"197";197;24;13;19,127;"GAATGGAATGCA";18,2608;-50,028;22,826;83,7947954087444;"-";3,57627868652344e-07;0,000422251721223195
"26";"Motif4_raw";1;"197";197;29;18;22,826;"GAATGGAATGGA";18,2608;-50,028;22,826;100;"-";5,96046447753906e-08;0,000102364053629866
"27";"Motif4_raw";1;"197";197;34;23;22,826;"GAATGGAATGGA";18,2608;-50,028;22,826;100;"-";5,96046447753906e-08;0,000102364053629866
"28";"Motif4_raw";1;"197";197;39;28;19,127;"GAGTGGAATGGA";18,2608;-50,028;22,826;83,7947954087444;"-";3,57627868652344e-07;0,000422251721223195
"29";"Motif4_raw";1;"197";197;59;48;19,127;"GAACGGAATGGA";18,2608;-50,028;22,826;83,7947954087444;"-";3,57627868652344e-07;0,000422251721223195
"30";"Motif4_raw";1;"197";197;84;73;22,826;"GAATGGAATGGA";18,2608;-50,028;22,826;100;"-";5,96046447753906e-08;0,000102364053629866
"31";"Motif4_raw";1;"197";197;89;78;22,826;"GAATGGAATGGA";18,2608;-50,028;22,826;100;"-";5,96046447753906e-08;0,000102364053629866
"32";"Motif4_raw";1;"197";197;94;83;19,127;"GAACGGAATGGA";18,2608;-50,028;22,826;83,7947954087444;"-";3,57627868652344e-07;0,000422251721223195
"33";"Motif4_raw";1;"197";197;104;93;22,826;"GAATGGAATGGA";18,2608;-50,028;22,826;100;"-";5,96046447753906e-08;0,000102364053629866
"34";"Motif4_raw";1;"197";197;109;98;22,826;"GAATGGAATGGA";18,2608;-50,028;22,826;100;"-";5,96046447753906e-08;0,000102364053629866
"35";"Motif4_raw";1;"197";197;114;103;22,826;"GAATGGAATGGA";18,2608;-50,028;22,826;100;"-";5,96046447753906e-08;0,000102364053629866
"36";"Motif4_raw";1;"197";197;119;108;22,826;"GAATGGAATGGA";18,2608;-50,028;22,826;100;"-";5,96046447753906e-08;0,000102364053629866
"37";"Motif4_raw";1;"197";197;124;113;22,826;"GAATGGAATGGA";18,2608;-50,028;22,826;100;"-";5,96046447753906e-08;0,000102364053629866
"38";"Motif4_raw";1;"197";197;129;118;19,127;"GAGTGGAATGGA";18,2608;-50,028;22,826;83,7947954087444;"-";3,57627868652344e-07;0,000422251721223195
"39";"Motif4_raw";1;"198";198;29;18;19,127;"CAATGGAATGGA";18,2608;-50,028;22,826;83,7947954087444;"-";3,57627868652344e-07;0,000422251721223195
"40";"Motif4_raw";1;"198";198;34;23;19,127;"GAATGCAATGGA";18,2608;-50,028;22,826;83,7947954087444;"-";3,57627868652344e-07;0,000422251721223195
"41";"Motif4_raw";1;"198";198;39;28;19,127;"GAATGGAATGCA";18,2608;-50,028;22,826;83,7947954087444;"-";3,57627868652344e-07;0,000422251721223195
"42";"Motif4_raw";1;"198";198;44;33;22,826;"GAATGGAATGGA";18,2608;-50,028;22,826;100;"-";5,96046447753906e-08;0,000102364053629866
"43";"Motif4_raw";1;"198";198;49;38;22,826;"GAATGGAATGGA";18,2608;-50,028;22,826;100;"-";5,96046447753906e-08;0,000102364053629866
"44";"Motif4_raw";1;"198";198;54;43;19,127;"GAGTGGAATGGA";18,2608;-50,028;22,826;83,7947954087444;"-";3,57627868652344e-07;0,000422251721223195
"45";"Motif4_raw";1;"198";198;74;63;22,826;"GAATGGAATGGA";18,2608;-50,028;22,826;100;"-";5,96046447753906e-08;0,000102364053629866
"46";"Motif4_raw";1;"198";198;79;68;22,826;"GAATGGAATGGA";18,2608;-50,028;22,826;100;"-";5,96046447753906e-08;0,000102364053629866
"47";"Motif4_raw";1;"198";198;84;73;22,826;"GAATGGAATGGA";18,2608;-50,028;22,826;100;"-";5,96046447753906e-08;0,000102364053629866
"48";"Motif4_raw";1;"198";198;89;78;22,826;"GAATGGAATGGA";18,2608;-50,028;22,826;100;"-";5,96046447753906e-08;0,000102364053629866
"49";"Motif4_raw";1;"198";198;94;83;22,826;"GAATGGAATGGA";18,2608;-50,028;22,826;100;"-";5,96046447753906e-08;0,000102364053629866
"50";"Motif4_raw";1;"198";198;109;98;22,826;"GAATGGAATGGA";18,2608;-50,028;22,826;100;"-";5,96046447753906e-08;0,000102364053629866
"51";"Motif4_raw";1;"198";198;114;103;22,826;"GAATGGAATGGA";18,2608;-50,028;22,826;100;"-";5,96046447753906e-08;0,000102364053629866
"52";"Motif4_raw";1;"198";198;119;108;19,127;"GAGTGGAATGGA";18,2608;-50,028;22,826;83,7947954087444;"-";3,57627868652344e-07;0,000422251721223195
"53";"Motif4_raw";1;"198";198;139;128;22,826;"GAATGGAATGGA";18,2608;-50,028;22,826;100;"-";5,96046447753906e-08;0,000102364053629866
"54";"Motif4_raw";1;"198";198;144;133;22,826;"GAATGGAATGGA";18,2608;-50,028;22,826;100;"-";5,96046447753906e-08;0,000102364053629866
"55";"Motif4_raw";1;"198";198;149;138;22,826;"GAATGGAATGGA";18,2608;-50,028;22,826;100;"-";5,96046447753906e-08;0,000102364053629866
"56";"Motif4_raw";1;"198";198;154;143;22,826;"GAATGGAATGGA";18,2608;-50,028;22,826;100;"-";5,96046447753906e-08;0,000102364053629866
"57";"Motif4_raw";1;"198";198;159;148;22,826;"GAATGGAATGGA";18,2608;-50,028;22,826;100;"-";5,96046447753906e-08;0,000102364053629866
"58";"Motif4_raw";1;"198";198;164;153;22,826;"GAATGGAATGGA";18,2608;-50,028;22,826;100;"-";5,96046447753906e-08;0,000102364053629866
"59";"Motif4_raw";1;"198";198;169;158;22,826;"GAATGGAATGGA";18,2608;-50,028;22,826;100;"-";5,96046447753906e-08;0,000102364053629866
"60";"Motif4_raw";1;"198";198;174;163;19,127;"GAGTGGAATGGA";18,2608;-50,028;22,826;83,7947954087444;"-";3,57627868652344e-07;0,000422251721223195
"61";"Motif4_raw";1;"198";198;184;173;22,826;"GAATGGAATGGA";18,2608;-50,028;22,826;100;"-";5,96046447753906e-08;0,000102364053629866
"62";"Motif4_raw";1;"198";198;189;178;22,826;"GAATGGAATGGA";18,2608;-50,028;22,826;100;"-";5,96046447753906e-08;0,000102364053629866
"63";"Motif4_raw";1;"199";199;13;2;22,826;"GAATGGAATGGA";18,2608;-50,028;22,826;100;"-";5,96046447753906e-08;0,000102364053629866
"64";"Motif4_raw";1;"199";199;18;7;22,826;"GAATGGAATGGA";18,2608;-50,028;22,826;100;"-";5,96046447753906e-08;0,000102364053629866
"65";"Motif4_raw";1;"199";199;43;32;22,826;"GAATGGAATGGA";18,2608;-50,028;22,826;100;"-";5,96046447753906e-08;0,000102364053629866
"66";"Motif4_raw";1;"199";199;48;37;22,826;"GAATGGAATGGA";18,2608;-50,028;22,826;100;"-";5,96046447753906e-08;0,000102364053629866
"67";"Motif4_raw";1;"199";199;53;42;22,826;"GAATGGAATGGA";18,2608;-50,028;22,826;100;"-";5,96046447753906e-08;0,000102364053629866
"68";"Motif4_raw";1;"199";199;73;62;22,826;"GAATGGAATGGA";18,2608;-50,028;22,826;100;"-";5,96046447753906e-08;0,000102364053629866
"69";"Motif4_raw";1;"199";199;138;127;19,127;"CAATGGAATGGA";18,2608;-50,028;22,826;83,7947954087444;"-";3,57627868652344e-07;0,000422251721223195
"70";"Motif4_raw";1;"199";199;143;132;19,127;"GAATGCAATGGA";18,2608;-50,028;22,826;83,7947954087444;"-";3,57627868652344e-07;0,000422251721223195
"71";"Motif4_raw";1;"199";199;148;137;19,127;"GAATGGAATGCA";18,2608;-50,028;22,826;83,7947954087444;"-";3,57627868652344e-07;0,000422251721223195
"72";"Motif4_raw";1;"199";199;153;142;22,826;"GAATGGAATGGA";18,2608;-50,028;22,826;100;"-";5,96046447753906e-08;0,000102364053629866
"73";"Motif4_raw";1;"199";199;158;147;22,826;"GAATGGAATGGA";18,2608;-50,028;22,826;100;"-";5,96046447753906e-08;0,000102364053629866
"74";"Motif4_raw";1;"199";199;163;152;19,127;"GAGTGGAATGGA";18,2608;-50,028;22,826;83,7947954087444;"-";3,57627868652344e-07;0,000422251721223195
"75";"Motif4_raw";1;"199";199;183;172;22,826;"GAATGGAATGGA";18,2608;-50,028;22,826;100;"-";5,96046447753906e-08;0,000102364053629866
"76";"Motif4_raw";1;"199";199;188;177;22,826;"GAATGGAATGGA";18,2608;-50,028;22,826;100;"-";5,96046447753906e-08;0,000102364053629866
"77";"Motif4_raw";1;"199";199;203;192;22,826;"GAATGGAATGGA";18,2608;-50,028;22,826;100;"-";5,96046447753906e-08;0,000102364053629866
"78";"Motif4_raw";1;"199";199;218;207;22,826;"GAATGGAATGGA";18,2608;-50,028;22,826;100;"-";5,96046447753906e-08;0,000102364053629866
"79";"Motif4_raw";1;"199";199;223;212;22,826;"GAATGGAATGGA";18,2608;-50,028;22,826;100;"-";5,96046447753906e-08;0,000102364053629866
"80";"Motif4_raw";1;"199";199;228;217;19,127;"GAGTGGAATGGA";18,2608;-50,028;22,826;83,7947954087444;"-";3,57627868652344e-07;0,000422251721223195
"81";"Motif4_raw";1;"199";199;248;237;22,826;"GAATGGAATGGA";18,2608;-50,028;22,826;100;"-";5,96046447753906e-08;0,000102364053629866
"82";"Motif4_raw";1;"199";199;253;242;22,826;"GAATGGAATGGA";18,2608;-50,028;22,826;100;"-";5,96046447753906e-08;0,000102364053629866
"83";"Motif4_raw";1;"199";199;258;247;22,826;"GAATGGAATGGA";18,2608;-50,028;22,826;100;"-";5,96046447753906e-08;0,000102364053629866
"84";"Motif4_raw";1;"199";199;263;252;22,826;"GAATGGAATGGA";18,2608;-50,028;22,826;100;"-";5,96046447753906e-08;0,000102364053629866
"85";"Motif4_raw";1;"199";199;268;257;22,826;"GAATGGAATGGA";18,2608;-50,028;22,826;100;"-";5,96046447753906e-08;0,000102364053629866
"86";"Motif4_raw";1;"199";199;273;262;22,826;"GAATGGAATGGA";18,2608;-50,028;22,826;100;"-";5,96046447753906e-08;0,000102364053629866
"87";"Motif4_raw";1;"199";199;278;267;19,127;"GAGTGGAATGGA";18,2608;-50,028;22,826;83,7947954087444;"-";3,57627868652344e-07;0,000422251721223195
"88";"Motif4_raw";1;"199";199;288;277;22,826;"GAATGGAATGGA";18,2608;-50,028;22,826;100;"-";5,96046447753906e-08;0,000102364053629866
"89";"Motif4_raw";1;"199";199;293;282;22,826;"GAATGGAATGGA";18,2608;-50,028;22,826;100;"-";5,96046447753906e-08;0,000102364053629866
"90";"Motif4_raw";1;"200";200;20;9;22,826;"GAATGGAATGGA";18,2608;-50,028;22,826;100;"-";5,96046447753906e-08;0,000102364053629866
"91";"Motif4_raw";1;"200";200;45;34;19,127;"GAACGGAATGGA";18,2608;-50,028;22,826;83,7947954087444;"-";3,57627868652344e-07;0,000422251721223195
"92";"Motif4_raw";1;"200";200;75;64;22,826;"GAATGGAATGGA";18,2608;-50,028;22,826;100;"-";5,96046447753906e-08;0,000102364053629866
"93";"Motif4_raw";1;"200";200;80;69;19,127;"GAACGGAATGGA";18,2608;-50,028;22,826;83,7947954087444;"-";3,57627868652344e-07;0,000422251721223195
"94";"Motif4_raw";1;"200";200;140;129;19,127;"CAATGGAATGGA";18,2608;-50,028;22,826;83,7947954087444;"-";3,57627868652344e-07;0,000422251721223195
"95";"Motif4_raw";1;"200";200;145;134;19,127;"GAATGCAATGGA";18,2608;-50,028;22,826;83,7947954087444;"-";3,57627868652344e-07;0,000422251721223195
"96";"Motif4_raw";1;"200";200;150;139;19,127;"GAATGGAATGCA";18,2608;-50,028;22,826;83,7947954087444;"-";3,57627868652344e-07;0,000422251721223195
"97";"Motif4_raw";1;"200";200;155;144;22,826;"GAATGGAATGGA";18,2608;-50,028;22,826;100;"-";5,96046447753906e-08;0,000102364053629866
"98";"Motif4_raw";1;"200";200;160;149;22,826;"GAATGGAATGGA";18,2608;-50,028;22,826;100;"-";5,96046447753906e-08;0,000102364053629866
"99";"Motif4_raw";1;"200";200;165;154;19,127;"GAGTGGAATGGA";18,2608;-50,028;22,826;83,7947954087444;"-";3,57627868652344e-07;0,000422251721223195
"100";"Motif4_raw";1;"200";200;185;174;22,826;"GAATGGAATGGA";18,2608;-50,028;22,826;100;"-";5,96046447753906e-08;0,000102364053629866
"101";"Motif4_raw";1;"200";200;190;179;22,826;"GAATGGAATGGA";18,2608;-50,028;22,826;100;"-";5,96046447753906e-08;0,000102364053629866
"102";"Motif4_raw";1;"200";200;210;199;22,826;"GAATGGAATGGA";18,2608;-50,028;22,826;100;"-";5,96046447753906e-08;0,000102364053629866
"103";"Motif4_raw";1;"200";200;215;204;22,826;"GAATGGAATGGA";18,2608;-50,028;22,826;100;"-";5,96046447753906e-08;0,000102364053629866
"104";"Motif4_raw";1;"200";200;220;209;22,826;"GAATGGAATGGA";18,2608;-50,028;22,826;100;"-";5,96046447753906e-08;0,000102364053629866
"105";"Motif4_raw";1;"200";200;245;234;22,826;"GAATGGAATGGA";18,2608;-50,028;22,826;100;"-";5,96046447753906e-08;0,000102364053629866
"106";"Motif4_raw";1;"200";200;260;249;22,826;"GAATGGAATGGA";18,2608;-50,028;22,826;100;"-";5,96046447753906e-08;0,000102364053629866
"107";"Motif4_raw";1;"200";200;265;254;22,826;"GAATGGAATGGA";18,2608;-50,028;22,826;100;"-";5,96046447753906e-08;0,000102364053629866
"108";"Motif4_raw";1;"200";200;285;274;22,826;"GAATGGAATGGA";18,2608;-50,028;22,826;100;"-";5,96046447753906e-08;0,000102364053629866
"109";"Motif4_raw";1;"200";200;300;289;22,826;"GAATGGAATGGA";18,2608;-50,028;22,826;100;"-";5,96046447753906e-08;0,000102364053629866
"110";"Motif4_raw";1;"200";200;305;294;22,826;"GAATGGAATGGA";18,2608;-50,028;22,826;100;"-";5,96046447753906e-08;0,000102364053629866
"111";"Motif4_raw";1;"200";200;310;299;22,826;"GAATGGAATGGA";18,2608;-50,028;22,826;100;"-";5,96046447753906e-08;0,000102364053629866
"112";"Motif4_raw";1;"201";201;38;49;19,127;"GAGTGGAATGGA";18,2608;-50,028;22,826;83,7947954087444;"+";3,57627868652344e-07;0,000422251721223195
"113";"Motif4_raw";1;"201";201;43;54;22,826;"GAATGGAATGGA";18,2608;-50,028;22,826;100;"+";5,96046447753906e-08;0,000102364053629866
"114";"Motif4_raw";1;"201";201;48;59;22,826;"GAATGGAATGGA";18,2608;-50,028;22,826;100;"+";5,96046447753906e-08;0,000102364053629866
"115";"Motif4_raw";1;"201";201;53;64;22,826;"GAATGGAATGGA";18,2608;-50,028;22,826;100;"+";5,96046447753906e-08;0,000102364053629866
"116";"Motif4_raw";1;"201";201;93;104;22,826;"GAATGGAATGGA";18,2608;-50,028;22,826;100;"+";5,96046447753906e-08;0,000102364053629866
"117";"Motif4_raw";1;"201";201;98;109;22,826;"GAATGGAATGGA";18,2608;-50,028;22,826;100;"+";5,96046447753906e-08;0,000102364053629866
"118";"Motif4_raw";1;"201";201;103;114;22,826;"GAATGGAATGGA";18,2608;-50,028;22,826;100;"+";5,96046447753906e-08;0,000102364053629866
"119";"Motif4_raw";1;"201";201;108;119;22,826;"GAATGGAATGGA";18,2608;-50,028;22,826;100;"+";5,96046447753906e-08;0,000102364053629866
"120";"Motif4_raw";1;"201";201;113;124;22,826;"GAATGGAATGGA";18,2608;-50,028;22,826;100;"+";5,96046447753906e-08;0,000102364053629866
"121";"Motif4_raw";1;"201";201;118;129;22,826;"GAATGGAATGGA";18,2608;-50,028;22,826;100;"+";5,96046447753906e-08;0,000102364053629866
"122";"Motif4_raw";1;"201";201;123;134;22,826;"GAATGGAATGGA";18,2608;-50,028;22,826;100;"+";5,96046447753906e-08;0,000102364053629866
"123";"Motif4_raw";1;"201";201;148;159;22,826;"GAATGGAATGGA";18,2608;-50,028;22,826;100;"+";5,96046447753906e-08;0,000102364053629866
"124";"Motif4_raw";1;"201";201;168;179;19,127;"GAGTGGAATGGA";18,2608;-50,028;22,826;83,7947954087444;"+";3,57627868652344e-07;0,000422251721223195
"125";"Motif4_raw";1;"201";201;193;204;19,127;"GAGTGGAATGGA";18,2608;-50,028;22,826;83,7947954087444;"+";3,57627868652344e-07;0,000422251721223195
"126";"Motif4_raw";1;"201";201;198;209;22,826;"GAATGGAATGGA";18,2608;-50,028;22,826;100;"+";5,96046447753906e-08;0,000102364053629866
"127";"Motif4_raw";1;"201";201;203;214;22,826;"GAATGGAATGGA";18,2608;-50,028;22,826;100;"+";5,96046447753906e-08;0,000102364053629866
"128";"Motif4_raw";1;"201";201;208;219;22,826;"GAATGGAATGGA";18,2608;-50,028;22,826;100;"+";5,96046447753906e-08;0,000102364053629866
"129";"Motif4_raw";1;"201";201;213;224;22,826;"GAATGGAATGGA";18,2608;-50,028;22,826;100;"+";5,96046447753906e-08;0,000102364053629866
"130";"Motif4_raw";1;"201";201;218;229;22,826;"GAATGGAATGGA";18,2608;-50,028;22,826;100;"+";5,96046447753906e-08;0,000102364053629866
"131";"Motif4_raw";1;"201";201;223;234;22,826;"GAATGGAATGGA";18,2608;-50,028;22,826;100;"+";5,96046447753906e-08;0,000102364053629866
"132";"Motif4_raw";1;"201";201;243;254;22,826;"GAATGGAATGGA";18,2608;-50,028;22,826;100;"+";5,96046447753906e-08;0,000102364053629866
"133";"Motif4_raw";1;"201";201;258;269;22,826;"GAATGGAATGGA";18,2608;-50,028;22,826;100;"+";5,96046447753906e-08;0,000102364053629866
"134";"Motif4_raw";1;"201";201;278;289;22,826;"GAATGGAATGGA";18,2608;-50,028;22,826;100;"+";5,96046447753906e-08;0,000102364053629866
"135";"Motif4_raw";1;"201";201;283;294;22,826;"GAATGGAATGGA";18,2608;-50,028;22,826;100;"+";5,96046447753906e-08;0,000102364053629866
"136";"Motif4_raw";1;"242";242;16;27;19,127;"GAGTGGAATGGA";18,2608;-50,028;22,826;83,7947954087444;"+";3,57627868652344e-07;0,000422251721223195
"137";"Motif4_raw";1;"242";242;31;42;22,826;"GAATGGAATGGA";18,2608;-50,028;22,826;100;"+";5,96046447753906e-08;0,000102364053629866
"138";"Motif4_raw";1;"242";242;36;47;22,826;"GAATGGAATGGA";18,2608;-50,028;22,826;100;"+";5,96046447753906e-08;0,000102364053629866
"139";"Motif4_raw";1;"242";242;51;62;22,826;"GAATGGAATGGA";18,2608;-50,028;22,826;100;"+";5,96046447753906e-08;0,000102364053629866
"140";"Motif4_raw";1;"242";242;76;87;22,826;"GAATGGAATGGA";18,2608;-50,028;22,826;100;"+";5,96046447753906e-08;0,000102364053629866
"141";"Motif4_raw";1;"242";242;91;102;19,127;"CAATGGAATGGA";18,2608;-50,028;22,826;83,7947954087444;"+";3,57627868652344e-07;0,000422251721223195
"142";"Motif4_raw";1;"242";242;96;107;22,826;"GAATGGAATGGA";18,2608;-50,028;22,826;100;"+";5,96046447753906e-08;0,000102364053629866
"143";"Motif4_raw";1;"242";242;110;121;22,826;"GAATGGAATGGA";18,2608;-50,028;22,826;100;"+";5,96046447753906e-08;0,000102364053629866
"144";"Motif4_raw";1;"242";242;115;126;22,826;"GAATGGAATGGA";18,2608;-50,028;22,826;100;"+";5,96046447753906e-08;0,000102364053629866
"145";"Motif4_raw";1;"242";242;120;131;22,826;"GAATGGAATGGA";18,2608;-50,028;22,826;100;"+";5,96046447753906e-08;0,000102364053629866
"146";"Motif4_raw";1;"242";242;125;136;22,826;"GAATGGAATGGA";18,2608;-50,028;22,826;100;"+";5,96046447753906e-08;0,000102364053629866
"147";"Motif4_raw";1;"242";242;145;156;22,826;"GAATGGAATGGA";18,2608;-50,028;22,826;100;"+";5,96046447753906e-08;0,000102364053629866
"148";"Motif4_raw";1;"242";242;210;221;22,826;"GAATGGAATGGA";18,2608;-50,028;22,826;100;"+";5,96046447753906e-08;0,000102364053629866
"149";"Motif4_raw";1;"242";242;235;246;22,826;"GAATGGAATGGA";18,2608;-50,028;22,826;100;"+";5,96046447753906e-08;0,000102364053629866
"150";"Motif4_raw";1;"242";242;255;266;22,826;"GAATGGAATGGA";18,2608;-50,028;22,826;100;"+";5,96046447753906e-08;0,000102364053629866
"151";"Motif4_raw";1;"242";242;260;271;22,826;"GAATGGAATGGA";18,2608;-50,028;22,826;100;"+";5,96046447753906e-08;0,000102364053629866
"152";"Motif4_raw";1;"242";242;265;276;22,826;"GAATGGAATGGA";18,2608;-50,028;22,826;100;"+";5,96046447753906e-08;0,000102364053629866
"153";"Motif4_raw";1;"242";242;270;281;22,826;"GAATGGAATGGA";18,2608;-50,028;22,826;100;"+";5,96046447753906e-08;0,000102364053629866
"154";"Motif4_raw";1;"242";242;365;376;19,127;"GAGTGGAATGGA";18,2608;-50,028;22,826;83,7947954087444;"+";3,57627868652344e-07;0,000422251721223195
"155";"Motif4_raw";1;"243";243;22;11;22,826;"GAATGGAATGGA";18,2608;-50,028;22,826;100;"-";5,96046447753906e-08;0,000102364053629866
"156";"Motif4_raw";1;"243";243;27;16;19,127;"GAGTGGAATGGA";18,2608;-50,028;22,826;83,7947954087444;"-";3,57627868652344e-07;0,000422251721223195
"157";"Motif4_raw";1;"243";243;47;36;22,826;"GAATGGAATGGA";18,2608;-50,028;22,826;100;"-";5,96046447753906e-08;0,000102364053629866
"158";"Motif4_raw";1;"243";243;52;41;19,127;"GAACGGAATGGA";18,2608;-50,028;22,826;83,7947954087444;"-";3,57627868652344e-07;0,000422251721223195
"159";"Motif4_raw";1;"243";243;62;51;22,826;"GAATGGAATGGA";18,2608;-50,028;22,826;100;"-";5,96046447753906e-08;0,000102364053629866
"160";"Motif4_raw";1;"243";243;67;56;22,826;"GAATGGAATGGA";18,2608;-50,028;22,826;100;"-";5,96046447753906e-08;0,000102364053629866
"161";"Motif4_raw";1;"243";243;72;61;22,826;"GAATGGAATGGA";18,2608;-50,028;22,826;100;"-";5,96046447753906e-08;0,000102364053629866
"162";"Motif4_raw";1;"243";243;127;116;22,826;"GAATGGAATGGA";18,2608;-50,028;22,826;100;"-";5,96046447753906e-08;0,000102364053629866
"163";"Motif4_raw";1;"243";243;132;121;22,826;"GAATGGAATGGA";18,2608;-50,028;22,826;100;"-";5,96046447753906e-08;0,000102364053629866
"164";"Motif4_raw";1;"243";243;147;136;19,127;"GAGTGGAATGGA";18,2608;-50,028;22,826;83,7947954087444;"-";3,57627868652344e-07;0,000422251721223195
"165";"Motif4_raw";1;"243";243;177;166;19,127;"GAGTGGAATGGA";18,2608;-50,028;22,826;83,7947954087444;"-";3,57627868652344e-07;0,000422251721223195
"166";"Motif4_raw";1;"243";243;227;216;22,826;"GAATGGAATGGA";18,2608;-50,028;22,826;100;"-";5,96046447753906e-08;0,000102364053629866
"167";"Motif4_raw";1;"243";243;232;221;22,826;"GAATGGAATGGA";18,2608;-50,028;22,826;100;"-";5,96046447753906e-08;0,000102364053629866
"168";"Motif4_raw";1;"243";243;237;226;22,826;"GAATGGAATGGA";18,2608;-50,028;22,826;100;"-";5,96046447753906e-08;0,000102364053629866
"169";"Motif4_raw";1;"243";243;257;246;22,826;"GAATGGAATGGA";18,2608;-50,028;22,826;100;"-";5,96046447753906e-08;0,000102364053629866
"170";"Motif4_raw";1;"244";244;14;3;22,826;"GAATGGAATGGA";18,2608;-50,028;22,826;100;"-";5,96046447753906e-08;0,000102364053629866
"171";"Motif4_raw";1;"244";244;19;8;19,127;"GAACGGAATGGA";18,2608;-50,028;22,826;83,7947954087444;"-";3,57627868652344e-07;0,000422251721223195
"172";"Motif4_raw";1;"244";244;29;18;22,826;"GAATGGAATGGA";18,2608;-50,028;22,826;100;"-";5,96046447753906e-08;0,000102364053629866
"173";"Motif4_raw";1;"244";244;34;23;22,826;"GAATGGAATGGA";18,2608;-50,028;22,826;100;"-";5,96046447753906e-08;0,000102364053629866
"174";"Motif4_raw";1;"244";244;39;28;22,826;"GAATGGAATGGA";18,2608;-50,028;22,826;100;"-";5,96046447753906e-08;0,000102364053629866
"175";"Motif4_raw";1;"244";244;124;113;22,826;"GAATGGAATGGA";18,2608;-50,028;22,826;100;"-";5,96046447753906e-08;0,000102364053629866
"176";"Motif4_raw";1;"244";244;149;138;22,826;"GAATGGAATGGA";18,2608;-50,028;22,826;100;"-";5,96046447753906e-08;0,000102364053629866
"177";"Motif4_raw";1;"244";244;154;143;22,826;"GAATGGAATGGA";18,2608;-50,028;22,826;100;"-";5,96046447753906e-08;0,000102364053629866
"178";"Motif4_raw";1;"244";244;159;148;19,127;"GAGTGGAATGGA";18,2608;-50,028;22,826;83,7947954087444;"-";3,57627868652344e-07;0,000422251721223195
"179";"Motif4_raw";1;"244";244;169;158;22,826;"GAATGGAATGGA";18,2608;-50,028;22,826;100;"-";5,96046447753906e-08;0,000102364053629866
"180";"Motif4_raw";1;"244";244;189;178;19,127;"CAATGGAATGGA";18,2608;-50,028;22,826;83,7947954087444;"-";3,57627868652344e-07;0,000422251721223195
"181";"Motif4_raw";1;"244";244;194;183;19,127;"GAATGCAATGGA";18,2608;-50,028;22,826;83,7947954087444;"-";3,57627868652344e-07;0,000422251721223195
"182";"Motif4_raw";1;"244";244;214;203;19,127;"GAACGGAATGGA";18,2608;-50,028;22,826;83,7947954087444;"-";3,57627868652344e-07;0,000422251721223195
"183";"Motif4_raw";1;"244";244;224;213;22,826;"GAATGGAATGGA";18,2608;-50,028;22,826;100;"-";5,96046447753906e-08;0,000102364053629866
"184";"Motif4_raw";1;"244";244;229;218;19,127;"CAATGGAATGGA";18,2608;-50,028;22,826;83,7947954087444;"-";3,57627868652344e-07;0,000422251721223195
"185";"Motif4_raw";1;"244";244;234;223;19,127;"GAATGCAATGGA";18,2608;-50,028;22,826;83,7947954087444;"-";3,57627868652344e-07;0,000422251721223195
"186";"Motif4_raw";1;"244";244;239;228;19,127;"GAATGGAATGCA";18,2608;-50,028;22,826;83,7947954087444;"-";3,57627868652344e-07;0,000422251721223195
"187";"Motif4_raw";1;"244";244;254;243;22,826;"GAATGGAATGGA";18,2608;-50,028;22,826;100;"-";5,96046447753906e-08;0,000102364053629866
"188";"Motif4_raw";1;"244";244;259;248;22,826;"GAATGGAATGGA";18,2608;-50,028;22,826;100;"-";5,96046447753906e-08;0,000102364053629866
"189";"Motif4_raw";1;"244";244;264;253;22,826;"GAATGGAATGGA";18,2608;-50,028;22,826;100;"-";5,96046447753906e-08;0,000102364053629866
"190";"Motif4_raw";1;"411";411;5;16;19,127;"GAGTGGAATGGA";18,2608;-50,028;22,826;83,7947954087444;"+";3,57627868652344e-07;0,000422251721223195
"191";"Motif4_raw";1;"513";513;1;12;22,826;"GAATGGAATGGA";18,2608;-50,028;22,826;100;"+";5,96046447753906e-08;0,000102364053629866
"192";"Motif4_raw";1;"513";513;16;27;19,127;"CAATGGAATGGA";18,2608;-50,028;22,826;83,7947954087444;"+";3,57627868652344e-07;0,000422251721223195
"193";"Motif4_raw";1;"513";513;26;37;19,127;"GAGTGGAATGGA";18,2608;-50,028;22,826;83,7947954087444;"+";3,57627868652344e-07;0,000422251721223195
"194";"Motif4_raw";1;"513";513;31;42;22,826;"GAATGGAATGGA";18,2608;-50,028;22,826;100;"+";5,96046447753906e-08;0,000102364053629866
"195";"Motif4_raw";1;"513";513;36;47;22,826;"GAATGGAATGGA";18,2608;-50,028;22,826;100;"+";5,96046447753906e-08;0,000102364053629866
"196";"Motif4_raw";1;"513";513;41;52;22,826;"GAATGGAATGGA";18,2608;-50,028;22,826;100;"+";5,96046447753906e-08;0,000102364053629866
"197";"Motif4_raw";1;"513";513;111;122;22,826;"GAATGGAATGGA";18,2608;-50,028;22,826;100;"+";5,96046447753906e-08;0,000102364053629866
"198";"Motif4_raw";1;"513";513;161;172;22,826;"GAATGGAATGGA";18,2608;-50,028;22,826;100;"+";5,96046447753906e-08;0,000102364053629866
"199";"Motif4_raw";1;"804";804;227;238;22,826;"GAATGGAATGGA";18,2608;-50,028;22,826;100;"+";5,96046447753906e-08;0,000102364053629866
"200";"Motif4_raw";1;"804";804;232;243;22,826;"GAATGGAATGGA";18,2608;-50,028;22,826;100;"+";5,96046447753906e-08;0,000102364053629866
"201";"Motif4_raw";1;"807";807;206;217;19,127;"GAACGGAATGGA";18,2608;-50,028;22,826;83,7947954087444;"+";3,57627868652344e-07;0,000422251721223195
"202";"Motif4_raw";1;"807";807;211;222;22,826;"GAATGGAATGGA";18,2608;-50,028;22,826;100;"+";5,96046447753906e-08;0,000102364053629866
"203";"Motif4_raw";1;"85";85;16;27;19,127;"GAATGCAATGGA";18,2608;-50,028;22,826;83,7947954087444;"+";3,57627868652344e-07;0,000422251721223195
"204";"Motif4_raw";1;"85";85;21;32;19,127;"CAATGGAATGGA";18,2608;-50,028;22,826;83,7947954087444;"+";3,57627868652344e-07;0,000422251721223195
"205";"Motif4_raw";1;"85";85;26;37;22,826;"GAATGGAATGGA";18,2608;-50,028;22,826;100;"+";5,96046447753906e-08;0,000102364053629866
"206";"Motif4_raw";1;"85";85;31;42;22,826;"GAATGGAATGGA";18,2608;-50,028;22,826;100;"+";5,96046447753906e-08;0,000102364053629866
"207";"Motif4_raw";1;"85";85;36;47;22,826;"GAATGGAATGGA";18,2608;-50,028;22,826;100;"+";5,96046447753906e-08;0,000102364053629866
"208";"Motif4_raw";1;"85";85;41;52;22,826;"GAATGGAATGGA";18,2608;-50,028;22,826;100;"+";5,96046447753906e-08;0,000102364053629866
"209";"Motif4_raw";1;"85";85;46;57;22,826;"GAATGGAATGGA";18,2608;-50,028;22,826;100;"+";5,96046447753906e-08;0,000102364053629866
"210";"Motif4_raw";1;"85";85;51;62;22,826;"GAATGGAATGGA";18,2608;-50,028;22,826;100;"+";5,96046447753906e-08;0,000102364053629866
"211";"Motif4_raw";1;"85";85;56;67;22,826;"GAATGGAATGGA";18,2608;-50,028;22,826;100;"+";5,96046447753906e-08;0,000102364053629866
"212";"Motif4_raw";1;"85";85;61;72;22,826;"GAATGGAATGGA";18,2608;-50,028;22,826;100;"+";5,96046447753906e-08;0,000102364053629866
"213";"Motif4_raw";1;"85";85;101;112;19,127;"GAGTGGAATGGA";18,2608;-50,028;22,826;83,7947954087444;"+";3,57627868652344e-07;0,000422251721223195
"214";"Motif4_raw";1;"85";85;131;142;22,826;"GAATGGAATGGA";18,2608;-50,028;22,826;100;"+";5,96046447753906e-08;0,000102364053629866
"215";"Motif4_raw";1;"884";884;1;12;22,826;"GAATGGAATGGA";18,2608;-50,028;22,826;100;"+";5,96046447753906e-08;0,000102364053629866
"216";"Motif4_raw";1;"884";884;6;17;22,826;"GAATGGAATGGA";18,2608;-50,028;22,826;100;"+";5,96046447753906e-08;0,000102364053629866
"217";"Motif4_raw";1;"884";884;11;22;22,826;"GAATGGAATGGA";18,2608;-50,028;22,826;100;"+";5,96046447753906e-08;0,000102364053629866
"218";"Motif4_raw";1;"884";884;41;52;22,826;"GAATGGAATGGA";18,2608;-50,028;22,826;100;"+";5,96046447753906e-08;0,000102364053629866
"219";"Motif4_raw";1;"884";884;66;77;19,127;"CAATGGAATGGA";18,2608;-50,028;22,826;83,7947954087444;"+";3,57627868652344e-07;0,000422251721223195
"220";"Motif4_raw";1;"884";884;71;82;22,826;"GAATGGAATGGA";18,2608;-50,028;22,826;100;"+";5,96046447753906e-08;0,000102364053629866
"221";"Motif4_raw";1;"884";884;76;87;22,826;"GAATGGAATGGA";18,2608;-50,028;22,826;100;"+";5,96046447753906e-08;0,000102364053629866
"222";"Motif4_raw";1;"884";884;96;107;19,127;"GAGTGGAATGGA";18,2608;-50,028;22,826;83,7947954087444;"+";3,57627868652344e-07;0,000422251721223195
"223";"Motif4_raw";1;"884";884;101;112;22,826;"GAATGGAATGGA";18,2608;-50,028;22,826;100;"+";5,96046447753906e-08;0,000102364053629866
"224";"Motif4_raw";1;"884";884;106;117;19,127;"GAATGGAATGCA";18,2608;-50,028;22,826;83,7947954087444;"+";3,57627868652344e-07;0,000422251721223195
"225";"Motif4_raw";1;"884";884;111;122;19,127;"GAATGCAATGGA";18,2608;-50,028;22,826;83,7947954087444;"+";3,57627868652344e-07;0,000422251721223195
"226";"Motif4_raw";1;"884";884;116;127;19,127;"CAATGGAATGGA";18,2608;-50,028;22,826;83,7947954087444;"+";3,57627868652344e-07;0,000422251721223195
"227";"Motif4_raw";1;"884";884;151;162;22,826;"GAATGGAATGGA";18,2608;-50,028;22,826;100;"+";5,96046447753906e-08;0,000102364053629866
"228";"Motif4_raw";1;"884";884;156;167;22,826;"GAATGGAATGGA";18,2608;-50,028;22,826;100;"+";5,96046447753906e-08;0,000102364053629866
"229";"Motif4_raw";1;"884";884;161;172;22,826;"GAATGGAATGGA";18,2608;-50,028;22,826;100;"+";5,96046447753906e-08;0,000102364053629866
"230";"Motif4_raw";1;"884";884;166;177;22,826;"GAATGGAATGGA";18,2608;-50,028;22,826;100;"+";5,96046447753906e-08;0,000102364053629866
"231";"Motif4_raw";1;"884";884;171;182;22,826;"GAATGGAATGGA";18,2608;-50,028;22,826;100;"+";5,96046447753906e-08;0,000102364053629866
"232";"Motif4_raw";1;"884";884;176;187;22,826;"GAATGGAATGGA";18,2608;-50,028;22,826;100;"+";5,96046447753906e-08;0,000102364053629866
"233";"Motif4_raw";1;"884";884;181;192;22,826;"GAATGGAATGGA";18,2608;-50,028;22,826;100;"+";5,96046447753906e-08;0,000102364053629866
"234";"Motif4_raw";1;"884";884;206;217;19,127;"GAATGCAATGGA";18,2608;-50,028;22,826;83,7947954087444;"+";3,57627868652344e-07;0,000422251721223195
"235";"Motif4_raw";1;"884";884;211;222;19,127;"CAATGGAATGGA";18,2608;-50,028;22,826;83,7947954087444;"+";3,57627868652344e-07;0,000422251721223195
"236";"Motif4_raw";1;"884";884;216;227;19,127;"GAATGGAATGCA";18,2608;-50,028;22,826;83,7947954087444;"+";3,57627868652344e-07;0,000422251721223195
"237";"Motif4_raw";1;"884";884;231;242;19,127;"GAATGGAATGCA";18,2608;-50,028;22,826;83,7947954087444;"+";3,57627868652344e-07;0,000422251721223195
"238";"Motif4_raw";1;"884";884;246;257;19,127;"GAATGGAATGCA";18,2608;-50,028;22,826;83,7947954087444;"+";3,57627868652344e-07;0,000422251721223195
"239";"Motif4_raw";1;"897";897;6;17;19,127;"GAGTGGAATGGA";18,2608;-50,028;22,826;83,7947954087444;"+";3,57627868652344e-07;0,000422251721223195
"240";"Motif4_raw";1;"897";897;11;22;22,826;"GAATGGAATGGA";18,2608;-50,028;22,826;100;"+";5,96046447753906e-08;0,000102364053629866
"241";"Motif4_raw";1;"897";897;56;67;22,826;"GAATGGAATGGA";18,2608;-50,028;22,826;100;"+";5,96046447753906e-08;0,000102364053629866
"242";"Motif4_raw";1;"897";897;141;152;22,826;"GAATGGAATGGA";18,2608;-50,028;22,826;100;"+";5,96046447753906e-08;0,000102364053629866
"243";"Motif4_raw";1;"897";897;146;157;22,826;"GAATGGAATGGA";18,2608;-50,028;22,826;100;"+";5,96046447753906e-08;0,000102364053629866
"244";"Motif4_raw";1;"897";897;151;162;22,826;"GAATGGAATGGA";18,2608;-50,028;22,826;100;"+";5,96046447753906e-08;0,000102364053629866
"245";"Motif4_raw";1;"897";897;156;167;22,826;"GAATGGAATGGA";18,2608;-50,028;22,826;100;"+";5,96046447753906e-08;0,000102364053629866
"246";"Motif4_raw";1;"897";897;161;172;22,826;"GAATGGAATGGA";18,2608;-50,028;22,826;100;"+";5,96046447753906e-08;0,000102364053629866
"247";"Motif4_raw";1;"897";897;166;177;22,826;"GAATGGAATGGA";18,2608;-50,028;22,826;100;"+";5,96046447753906e-08;0,000102364053629866
"248";"Motif4_raw";1;"897";897;186;197;19,127;"GAATGGAATGCA";18,2608;-50,028;22,826;83,7947954087444;"+";3,57627868652344e-07;0,000422251721223195
"249";"Motif4_raw";1;"897";897;278;289;22,826;"GAATGGAATGGA";18,2608;-50,028;22,826;100;"+";5,96046447753906e-08;0,000102364053629866
"250";"Motif4_raw";1;"897";897;283;294;22,826;"GAATGGAATGGA";18,2608;-50,028;22,826;100;"+";5,96046447753906e-08;0,000102364053629866
"251";"Motif4_raw";1;"897";897;298;309;22,826;"GAATGGAATGGA";18,2608;-50,028;22,826;100;"+";5,96046447753906e-08;0,000102364053629866
"252";"Motif4_raw";1;"899";899;13;2;22,826;"GAATGGAATGGA";18,2608;-50,028;22,826;100;"-";5,96046447753906e-08;0,000102364053629866
"253";"Motif4_raw";1;"899";899;18;7;22,826;"GAATGGAATGGA";18,2608;-50,028;22,826;100;"-";5,96046447753906e-08;0,000102364053629866
"254";"Motif4_raw";1;"899";899;23;12;22,826;"GAATGGAATGGA";18,2608;-50,028;22,826;100;"-";5,96046447753906e-08;0,000102364053629866
"255";"Motif4_raw";1;"899";899;28;17;22,826;"GAATGGAATGGA";18,2608;-50,028;22,826;100;"-";5,96046447753906e-08;0,000102364053629866
"256";"Motif4_raw";1;"899";899;33;22;22,826;"GAATGGAATGGA";18,2608;-50,028;22,826;100;"-";5,96046447753906e-08;0,000102364053629866
"257";"Motif4_raw";1;"899";899;48;37;19,127;"GAATGGAATGCA";18,2608;-50,028;22,826;83,7947954087444;"-";3,57627868652344e-07;0,000422251721223195
"258";"Motif4_raw";1;"899";899;53;42;22,826;"GAATGGAATGGA";18,2608;-50,028;22,826;100;"-";5,96046447753906e-08;0,000102364053629866
"259";"Motif4_raw";1;"899";899;58;47;22,826;"GAATGGAATGGA";18,2608;-50,028;22,826;100;"-";5,96046447753906e-08;0,000102364053629866
"260";"Motif4_raw";1;"899";899;63;52;19,127;"CAATGGAATGGA";18,2608;-50,028;22,826;83,7947954087444;"-";3,57627868652344e-07;0,000422251721223195
"261";"Motif4_raw";1;"899";899;68;57;19,127;"GAATGCAATGGA";18,2608;-50,028;22,826;83,7947954087444;"-";3,57627868652344e-07;0,000422251721223195
"262";"Motif4_raw";1;"899";899;73;62;19,127;"GAATGGAATGCA";18,2608;-50,028;22,826;83,7947954087444;"-";3,57627868652344e-07;0,000422251721223195
"263";"Motif4_raw";1;"899";899;78;67;22,826;"GAATGGAATGGA";18,2608;-50,028;22,826;100;"-";5,96046447753906e-08;0,000102364053629866
"264";"Motif4_raw";1;"899";899;83;72;19,127;"CAATGGAATGGA";18,2608;-50,028;22,826;83,7947954087444;"-";3,57627868652344e-07;0,000422251721223195
"265";"Motif4_raw";1;"899";899;88;77;19,127;"GAATGCAATGGA";18,2608;-50,028;22,826;83,7947954087444;"-";3,57627868652344e-07;0,000422251721223195
"266";"Motif4_raw";1;"899";899;93;82;19,127;"GAATGGAATGCA";18,2608;-50,028;22,826;83,7947954087444;"-";3,57627868652344e-07;0,000422251721223195
"267";"Motif4_raw";1;"899";899;98;87;22,826;"GAATGGAATGGA";18,2608;-50,028;22,826;100;"-";5,96046447753906e-08;0,000102364053629866
"268";"Motif4_raw";1;"899";899;103;92;22,826;"GAATGGAATGGA";18,2608;-50,028;22,826;100;"-";5,96046447753906e-08;0,000102364053629866
"269";"Motif4_raw";1;"899";899;108;97;22,826;"GAATGGAATGGA";18,2608;-50,028;22,826;100;"-";5,96046447753906e-08;0,000102364053629866
"270";"Motif4_raw";1;"899";899;113;102;19,127;"CAATGGAATGGA";18,2608;-50,028;22,826;83,7947954087444;"-";3,57627868652344e-07;0,000422251721223195
"271";"Motif4_raw";1;"899";899;118;107;19,127;"GAATGCAATGGA";18,2608;-50,028;22,826;83,7947954087444;"-";3,57627868652344e-07;0,000422251721223195
"272";"Motif4_raw";1;"899";899;123;112;19,127;"GAATGGAATGCA";18,2608;-50,028;22,826;83,7947954087444;"-";3,57627868652344e-07;0,000422251721223195
"273";"Motif4_raw";1;"899";899;128;117;22,826;"GAATGGAATGGA";18,2608;-50,028;22,826;100;"-";5,96046447753906e-08;0,000102364053629866
"274";"Motif4_raw";1;"899";899;133;122;22,826;"GAATGGAATGGA";18,2608;-50,028;22,826;100;"-";5,96046447753906e-08;0,000102364053629866
"275";"Motif4_raw";1;"899";899;138;127;19,127;"CAATGGAATGGA";18,2608;-50,028;22,826;83,7947954087444;"-";3,57627868652344e-07;0,000422251721223195
"276";"Motif4_raw";1;"899";899;143;132;19,127;"GAATGCAATGGA";18,2608;-50,028;22,826;83,7947954087444;"-";3,57627868652344e-07;0,000422251721223195
"277";"Motif4_raw";1;"899";899;148;137;19,127;"GAATGGAATGCA";18,2608;-50,028;22,826;83,7947954087444;"-";3,57627868652344e-07;0,000422251721223195
"278";"Motif4_raw";1;"899";899;153;142;22,826;"GAATGGAATGGA";18,2608;-50,028;22,826;100;"-";5,96046447753906e-08;0,000102364053629866
"279";"Motif4_raw";1;"899";899;158;147;19,127;"CAATGGAATGGA";18,2608;-50,028;22,826;83,7947954087444;"-";3,57627868652344e-07;0,000422251721223195
"280";"Motif4_raw";1;"899";899;163;152;19,127;"GAATGCAATGGA";18,2608;-50,028;22,826;83,7947954087444;"-";3,57627868652344e-07;0,000422251721223195
"281";"Motif4_raw";1;"899";899;168;157;19,127;"GAATGGAATGCA";18,2608;-50,028;22,826;83,7947954087444;"-";3,57627868652344e-07;0,000422251721223195
"282";"Motif4_raw";1;"899";899;173;162;22,826;"GAATGGAATGGA";18,2608;-50,028;22,826;100;"-";5,96046447753906e-08;0,000102364053629866
"283";"Motif4_raw";1;"899";899;178;167;22,826;"GAATGGAATGGA";18,2608;-50,028;22,826;100;"-";5,96046447753906e-08;0,000102364053629866
"284";"Motif4_raw";1;"899";899;183;172;22,826;"GAATGGAATGGA";18,2608;-50,028;22,826;100;"-";5,96046447753906e-08;0,000102364053629866
"285";"Motif4_raw";1;"899";899;188;177;19,127;"CAATGGAATGGA";18,2608;-50,028;22,826;83,7947954087444;"-";3,57627868652344e-07;0,000422251721223195
"286";"Motif4_raw";1;"899";899;193;182;19,127;"GAATGCAATGGA";18,2608;-50,028;22,826;83,7947954087444;"-";3,57627868652344e-07;0,000422251721223195
"287";"Motif4_raw";1;"899";899;198;187;19,127;"GAATGGAATGCA";18,2608;-50,028;22,826;83,7947954087444;"-";3,57627868652344e-07;0,000422251721223195
"288";"Motif4_raw";1;"899";899;203;192;22,826;"GAATGGAATGGA";18,2608;-50,028;22,826;100;"-";5,96046447753906e-08;0,000102364053629866
